ArtCodigo,Codigo,Unidades2
1031,0003,220
1031,0029,125
1031,0031,308
1031,0036,201
1031,0056,146
1031,0065,21
1031,0066,35
1031,0289,153
1031,0599,84
1031,1066,115
1031,1068,193
1031,1132,127
1031,1230,365
1031,1291,47
1031,1344,53
1031,1389,617
1031,1401,56
1031,1425,338
1031,1426,461
1031,1428,140
1031,1438,110
1031,1439,163
1031,1450,110
1031,1469,353
1031,1478,92
1031,1482,76
1031,1506,450
1031,1507,335
1031,1539,106
1031,1553,224
1031,1584,198
1031,1682,333
1031,1695,91
1031,1716,374
1031,1717,450
1031,1735,216
1031,1736,252
1031,1775,78
1031,1956,202
1032,0003,961
1032,0029,395
1032,0031,1185
1032,0036,334
1032,0056,390
1032,0065,144
1032,0066,238
1032,0289,813
1032,0599,244
1032,1066,450
1032,1068,628
1032,1132,391
1032,1230,837
1032,1291,160
1032,1344,317
1032,1389,1599
1032,1401,211
1032,1425,904
1032,1426,952
1032,1428,310
1032,1438,315
1032,1439,611
1032,1450,574
1032,1469,771
1032,1478,253
1032,1482,261
1032,1506,1236
1032,1507,867
1032,1539,243
1032,1553,488
1032,1584,332
1032,1682,1313
1032,1695,369
1032,1716,1411
1032,1717,631
1032,1735,538
1032,1736,1133
1032,1775,259
1032,1956,568
1075,0003,367
1075,0029,393
1075,0031,845
1075,0036,414
1075,0056,695
1075,0065,88
1075,0066,87
1075,0289,420
1075,0599,291
1075,1066,149
1075,1068,391
1075,1132,279
1075,1230,799
1075,1291,137
1075,1344,172
1075,1389,1200
1075,1401,142
1075,1425,594
1075,1426,779
1075,1428,407
1075,1438,586
1075,1439,524
1075,1450,787
1075,1469,935
1075,1478,259
1075,1482,130
1075,1506,624
1075,1507,892
1075,1539,88
1075,1553,425
1075,1584,310
1075,1682,1199
1075,1695,150
1075,1716,1571
1075,1717,439
1075,1735,318
1075,1736,490
1075,1775,107
1075,1956,299
1079,0003,1116
1079,0029,637
1079,0031,1606
1079,0036,669
1079,0056,486
1079,0065,164
1079,0066,211
1079,0289,989
1079,0599,450
1079,1066,364
1079,1068,755
1079,1132,540
1079,1230,1507
1079,1291,272
1079,1344,254
1079,1389,1906
1079,1401,159
1079,1425,982
1079,1426,1500
1079,1428,449
1079,1438,951
1079,1439,920
1079,1450,751
1079,1469,1601
1079,1478,542
1079,1482,217
1079,1506,1329
1079,1507,1819
1079,1539,309
1079,1553,759
1079,1584,419
1079,1682,1727
1079,1695,388
1079,1716,1668
1079,1717,927
1079,1735,529
1079,1736,1118
1079,1775,323
1079,1956,709
16007,0003,193
16007,0029,192
16007,0031,260
16007,0036,102
16007,0056,134
16007,0065,76
16007,0066,33
16007,0289,281
16007,0599,101
16007,1066,162
16007,1068,165
16007,1132,119
16007,1230,284
16007,1291,118
16007,1344,88
16007,1389,574
16007,1401,88
16007,1425,383
16007,1426,521
16007,1428,142
16007,1438,228
16007,1439,392
16007,1450,151
16007,1469,411
16007,1478,165
16007,1482,108
16007,1506,528
16007,1507,574
16007,1539,51
16007,1553,156
16007,1584,229
16007,1682,316
16007,1695,61
16007,1716,594
16007,1717,224
16007,1735,198
16007,1736,278
16007,1775,88
16007,1956,236
16039,0003,100
16039,0029,47
16039,0031,89
16039,0036,31
16039,0056,46
16039,0065,15
16039,0066,21
16039,0289,38
16039,0599,41
16039,1066,20
16039,1068,59
16039,1132,54
16039,1230,73
16039,1291,20
16039,1344,22
16039,1389,57
16039,1401,33
16039,1425,67
16039,1426,124
16039,1428,55
16039,1438,68
16039,1439,83
16039,1450,50
16039,1469,98
16039,1478,50
16039,1482,14
16039,1506,103
16039,1507,114
16039,1539,15
16039,1553,32
16039,1584,70
16039,1682,107
16039,1695,17
16039,1716,143
16039,1717,108
16039,1735,37
16039,1736,79
16039,1775,20
16039,1956,34
16329,0003,312
16329,0029,212
16329,0031,533
16329,0056,287
16329,0065,29
16329,0066,91
16329,0289,281
16329,0599,155
16329,1066,121
16329,1068,246
16329,1132,224
16329,1230,523
16329,1291,134
16329,1344,126
16329,1389,631
16329,1401,94
16329,1425,487
16329,1426,673
16329,1428,205
16329,1438,293
16329,1439,346
16329,1450,260
16329,1469,634
16329,1478,180
16329,1482,120
16329,1506,653
16329,1507,503
16329,1539,125
16329,1553,294
16329,1584,252
16329,1682,701
16329,1695,146
16329,1716,657
16329,1717,344
16329,1735,197
16329,1736,385
16329,1775,203
16329,1956,260
16330,0003,105
16330,0029,75
16330,0031,204
16330,0036,52
16330,0056,159
16330,0065,15
16330,0066,16
16330,0289,63
16330,0599,73
16330,1066,30
16330,1068,78
16330,1132,47
16330,1230,152
16330,1291,29
16330,1344,44
16330,1389,221
16330,1401,31
16330,1425,124
16330,1426,211
16330,1428,135
16330,1438,125
16330,1439,96
16330,1450,84
16330,1469,180
16330,1478,66
16330,1482,17
16330,1506,213
16330,1507,136
16330,1539,17
16330,1553,105
16330,1584,82
16330,1682,128
16330,1695,32
16330,1716,245
16330,1717,122
16330,1735,54
16330,1736,105
16330,1775,24
16330,1956,98
17286,0003,87
17286,0029,21
17286,0031,58
17286,0036,38
17286,0056,14
17286,0066,10
17286,0289,38
17286,0599,21
17286,1066,10
17286,1068,47
17286,1132,31
17286,1230,59
17286,1291,19
17286,1344,13
17286,1389,68
17286,1401,21
17286,1425,81
17286,1426,92
17286,1428,25
17286,1438,34
17286,1439,31
17286,1450,33
17286,1469,58
17286,1478,39
17286,1506,113
17286,1507,80
17286,1539,10
17286,1553,34
17286,1584,52
17286,1682,48
17286,1695,9
17286,1716,139
17286,1717,70
17286,1735,40
17286,1736,72
17286,1775,20
17286,1956,49
17297,0003,88
17297,0029,49
17297,0031,113
17297,0056,48
17297,0065,16
17297,0066,34
17297,0289,76
17297,0599,70
17297,1066,32
17297,1068,70
17297,1132,43
17297,1230,100
17297,1291,36
17297,1344,27
17297,1389,268
17297,1401,15
17297,1425,136
17297,1426,206
17297,1428,66
17297,1438,71
17297,1439,88
17297,1450,50
17297,1469,175
17297,1478,54
17297,1482,26
17297,1506,152
17297,1507,115
17297,1539,39
17297,1553,33
17297,1584,59
17297,1682,189
17297,1695,70
17297,1716,143
17297,1717,88
17297,1735,93
17297,1736,124
17297,1775,79
17297,1956,60
17299,0003,23
17299,0029,15
17299,0031,51
17299,0056,52
17299,0065,26
17299,0066,14
17299,0289,13
17299,0599,52
17299,1066,15
17299,1068,24
17299,1132,19
17299,1230,50
17299,1291,15
17299,1344,23
17299,1389,30
17299,1401,18
17299,1425,34
17299,1426,65
17299,1428,76
17299,1438,57
17299,1439,26
17299,1450,23
17299,1469,31
17299,1478,21
17299,1482,8
17299,1506,52
17299,1507,25
17299,1539,6
17299,1553,48
17299,1584,9
17299,1682,35
17299,1695,15
17299,1716,76
17299,1717,21
17299,1735,13
17299,1736,18
17299,1775,15
17299,1956,17
17569,0003,61
17569,0029,28
17569,0031,89
17569,0056,49
17569,0065,10
17569,0066,22
17569,0289,33
17569,0599,44
17569,1066,22
17569,1068,40
17569,1132,29
17569,1230,65
17569,1291,25
17569,1344,19
17569,1389,53
17569,1401,18
17569,1425,73
17569,1426,72
17569,1428,38
17569,1438,56
17569,1439,45
17569,1450,17
17569,1469,62
17569,1478,15
17569,1482,14
17569,1506,67
17569,1507,62
17569,1539,12
17569,1553,82
17569,1584,42
17569,1682,63
17569,1695,17
17569,1716,75
17569,1717,44
17569,1735,38
17569,1736,66
17569,1775,15
17569,1956,32
17571,0003,134
17571,0029,70
17571,0031,161
17571,0056,106
17571,0065,21
17571,0066,59
17571,0289,114
17571,0599,67
17571,1066,31
17571,1068,75
17571,1132,81
17571,1230,173
17571,1291,58
17571,1344,37
17571,1389,101
17571,1401,30
17571,1425,126
17571,1426,257
17571,1428,56
17571,1438,109
17571,1439,146
17571,1450,64
17571,1469,144
17571,1478,45
17571,1482,20
17571,1506,193
17571,1507,198
17571,1539,30
17571,1553,172
17571,1584,61
17571,1682,107
17571,1695,63
17571,1716,142
17571,1717,142
17571,1735,43
17571,1736,107
17571,1775,49
17571,1956,89
17572,0003,134
17572,0029,65
17572,0031,196
17572,0056,169
17572,0065,19
17572,0066,44
17572,0289,85
17572,0599,56
17572,1066,39
17572,1068,106
17572,1132,55
17572,1230,175
17572,1291,34
17572,1344,62
17572,1389,93
17572,1401,64
17572,1425,119
17572,1426,196
17572,1428,56
17572,1438,121
17572,1439,117
17572,1450,70
17572,1469,140
17572,1478,54
17572,1482,32
17572,1506,178
17572,1507,171
17572,1539,34
17572,1553,141
17572,1584,60
17572,1682,107
17572,1695,48
17572,1716,125
17572,1717,72
17572,1735,47
17572,1736,100
17572,1775,34
17572,1956,61
17596,0065,46
17596,0066,24
17596,1344,59
17596,1389,120
17596,1450,84
17596,1682,83
17596,1735,58
17596,1736,51
17596,1775,34
17597,0003,283
17597,0029,263
17597,0031,415
17597,0036,152
17597,0056,246
17597,0065,187
17597,0066,247
17597,0289,283
17597,0599,151
17597,1066,122
17597,1068,378
17597,1132,211
17597,1230,324
17597,1291,167
17597,1344,272
17597,1389,2484
17597,1401,56
17597,1425,445
17597,1426,776
17597,1428,232
17597,1438,373
17597,1439,336
17597,1450,640
17597,1469,617
17597,1478,141
17597,1482,95
17597,1506,675
17597,1507,365
17597,1539,139
17597,1553,359
17597,1584,65
17597,1682,2052
17597,1695,129
17597,1716,610
17597,1717,316
17597,1735,908
17597,1736,1330
17597,1775,528
17597,1956,264
17750,0029,45000
17750,0056,16000
17750,0289,142000
17750,0599,16000
17750,1132,63000
17750,1230,1000
17750,1291,96000
17750,1344,35000
17750,1389,80000
17750,1425,262000
17750,1426,200000
17750,1438,121000
17750,1439,153000
17750,1450,90000
17750,1469,81000
17750,1478,103000
17750,1506,174000
17750,1507,165000
17750,1539,54000
17750,1553,42000
17750,1584,1105000
17750,1682,110000
17750,1716,295000
17750,1717,190000
17750,1735,108000
17750,1736,213000
17750,1775,103000
17750,1956,185000
17958,0003,103
17958,0029,76
17958,0031,151
17958,0036,116
17958,0056,70
17958,0065,13
17958,0066,14
17958,0289,71
17958,0599,35
17958,1066,30
17958,1068,97
17958,1132,46
17958,1230,115
17958,1291,45
17958,1344,14
17958,1389,86
17958,1401,15
17958,1425,118
17958,1426,178
17958,1428,39
17958,1438,58
17958,1439,124
17958,1450,28
17958,1469,112
17958,1478,64
17958,1482,12
17958,1506,180
17958,1507,185
17958,1539,51
17958,1553,155
17958,1584,49
17958,1682,58
17958,1695,48
17958,1716,143
17958,1717,92
17958,1735,35
17958,1736,55
17958,1775,43
17958,1956,69
17959,0003,232
17959,0029,172
17959,0031,199
17959,0036,127
17959,0056,148
17959,0065,43
17959,0066,44
17959,0289,158
17959,0599,86
17959,1066,79
17959,1068,220
17959,1132,87
17959,1230,254
17959,1291,106
17959,1344,55
17959,1389,155
17959,1401,77
17959,1425,281
17959,1426,458
17959,1428,120
17959,1438,174
17959,1439,246
17959,1450,101
17959,1469,225
17959,1478,143
17959,1482,43
17959,1506,420
17959,1507,425
17959,1539,101
17959,1553,271
17959,1584,115
17959,1682,150
17959,1695,107
17959,1716,338
17959,1717,213
17959,1735,70
17959,1736,149
17959,1775,85
17959,1956,143
17971,0003,67
17971,0029,12
17971,0031,44
17971,0036,27
17971,0056,20
17971,0065,5
17971,0066,7
17971,0289,21
17971,0599,7
17971,1066,10
17971,1068,22
17971,1132,39
17971,1230,34
17971,1291,1
17971,1344,15
17971,1389,38
17971,1401,15
17971,1425,60
17971,1426,101
17971,1428,13
17971,1438,16
17971,1439,30
17971,1450,22
17971,1469,35
17971,1478,19
17971,1482,5
17971,1506,76
17971,1507,32
17971,1539,6
17971,1553,14
17971,1584,34
17971,1682,47
17971,1695,5
17971,1716,127
17971,1717,58
17971,1735,28
17971,1736,43
17971,1775,8
17971,1956,28
18090,0003,545
18090,0029,245
18090,0031,345
18090,0056,301
18090,0065,76
18090,0066,69
18090,0289,238
18090,0599,114
18090,1066,130
18090,1068,441
18090,1132,186
18090,1230,495
18090,1291,113
18090,1344,126
18090,1389,828
18090,1401,92
18090,1425,432
18090,1426,714
18090,1428,150
18090,1438,212
18090,1439,243
18090,1450,474
18090,1469,331
18090,1478,160
18090,1482,74
18090,1506,552
18090,1507,489
18090,1539,46
18090,1553,235
18090,1584,241
18090,1682,673
18090,1695,78
18090,1716,1043
18090,1717,433
18090,1735,294
18090,1736,558
18090,1775,106
18090,1956,339
1811,0065,15
1811,0066,2
1811,1344,8
1811,1389,22
1811,1450,26
1811,1682,23
1811,1735,18
1811,1736,22
1811,1775,10
1813,0003,118
1813,0029,104
1813,0031,273
1813,0036,51
1813,0056,112
1813,0065,35
1813,0066,16
1813,0289,46
1813,0599,103
1813,1066,74
1813,1068,80
1813,1132,59
1813,1230,179
1813,1291,58
1813,1344,46
1813,1389,608
1813,1401,21
1813,1425,147
1813,1426,228
1813,1428,102
1813,1438,105
1813,1439,119
1813,1450,92
1813,1469,214
1813,1478,84
1813,1482,46
1813,1506,238
1813,1507,195
1813,1539,43
1813,1553,110
1813,1584,31
1813,1682,420
1813,1695,54
1813,1716,126
1813,1717,335
1813,1735,132
1813,1736,279
1813,1775,60
1813,1956,78
18160,0003,158
18160,0029,73
18160,0031,149
18160,0036,69
18160,0056,49
18160,0065,23
18160,0066,49
18160,0289,87
18160,0599,42
18160,1066,54
18160,1068,93
18160,1132,95
18160,1230,123
18160,1291,65
18160,1344,44
18160,1389,255
18160,1401,52
18160,1425,133
18160,1426,227
18160,1428,51
18160,1438,94
18160,1439,93
18160,1450,118
18160,1469,155
18160,1478,72
18160,1482,29
18160,1506,258
18160,1507,184
18160,1539,72
18160,1553,121
18160,1584,103
18160,1682,271
18160,1695,66
18160,1716,332
18160,1717,208
18160,1735,106
18160,1736,201
18160,1775,192
18160,1956,81
18161,0003,315
18161,0029,141
18161,0031,268
18161,0036,127
18161,0056,102
18161,0065,52
18161,0066,81
18161,0289,231
18161,0599,74
18161,1066,87
18161,1068,225
18161,1132,135
18161,1230,278
18161,1291,90
18161,1344,90
18161,1389,502
18161,1401,99
18161,1425,309
18161,1426,570
18161,1428,122
18161,1438,195
18161,1439,228
18161,1450,178
18161,1469,321
18161,1478,121
18161,1482,100
18161,1506,526
18161,1507,424
18161,1539,114
18161,1553,224
18161,1584,192
18161,1682,478
18161,1695,121
18161,1716,597
18161,1717,365
18161,1735,241
18161,1736,410
18161,1775,214
18161,1956,228
18162,0003,194
18162,0029,120
18162,0031,237
18162,0036,79
18162,0056,67
18162,0065,58
18162,0066,68
18162,0289,164
18162,0599,44
18162,1066,76
18162,1068,162
18162,1132,120
18162,1230,185
18162,1291,54
18162,1344,66
18162,1389,432
18162,1401,55
18162,1425,283
18162,1426,523
18162,1428,82
18162,1438,135
18162,1439,149
18162,1450,130
18162,1469,281
18162,1478,121
18162,1482,46
18162,1506,457
18162,1507,284
18162,1539,69
18162,1553,142
18162,1584,119
18162,1682,542
18162,1695,71
18162,1716,510
18162,1717,293
18162,1735,277
18162,1736,424
18162,1775,174
18162,1956,172
1818,0065,174
1818,0066,87
1818,1344,153
1818,1389,184
1818,1450,201
1818,1584,28
1818,1682,159
1818,1735,119
1818,1736,199
1818,1775,93
1821,0003,476
1821,0029,266
1821,0031,696
1821,0036,251
1821,0056,288
1821,0065,257
1821,0066,472
1821,0289,445
1821,0599,230
1821,1066,196
1821,1068,620
1821,1132,272
1821,1230,743
1821,1291,270
1821,1344,646
1821,1389,2423
1821,1401,243
1821,1425,931
1821,1426,1563
1821,1428,319
1821,1438,441
1821,1439,378
1821,1450,1016
1821,1469,813
1821,1478,339
1821,1482,203
1821,1506,1349
1821,1507,676
1821,1539,236
1821,1553,366
1821,1584,528
1821,1682,2715
1821,1695,202
1821,1716,1296
1821,1717,900
1821,1735,1248
1821,1736,2459
1821,1775,1329
1821,1956,635
18227,0003,189
18227,0029,96
18227,0031,159
18227,0056,56
18227,0065,34
18227,0066,41
18227,0289,161
18227,0599,93
18227,1066,68
18227,1068,92
18227,1132,58
18227,1230,148
18227,1291,60
18227,1344,46
18227,1389,287
18227,1401,54
18227,1425,177
18227,1426,344
18227,1428,108
18227,1438,105
18227,1439,159
18227,1450,86
18227,1469,218
18227,1478,64
18227,1482,46
18227,1506,181
18227,1507,150
18227,1539,80
18227,1553,81
18227,1584,123
18227,1682,242
18227,1695,87
18227,1716,355
18227,1717,168
18227,1735,144
18227,1736,204
18227,1775,95
18227,1956,145
1836,0065,14
1836,0066,14
1836,1344,8
1836,1389,27
1836,1682,16
1836,1736,26
1836,1775,7
18500,0003,664000
18500,0029,975000
18500,0031,1130000
18500,0036,671000
18500,0056,249000
18500,0065,885000
18500,0066,776000
18500,0289,2303000
18500,0599,695000
18500,1066,1204000
18500,1068,1440000
18500,1132,820000
18500,1230,1739000
18500,1291,532000
18500,1344,887000
18500,1389,532000
18500,1401,608000
18500,1425,944000
18500,1426,1245000
18500,1428,511000
18500,1438,1016000
18500,1439,1118000
18500,1450,793000
18500,1469,1432000
18500,1478,530000
18500,1482,683000
18500,1506,1481000
18500,1507,1646000
18500,1539,960000
18500,1553,752000
18500,1584,761000
18500,1682,407000
18500,1695,1089000
18500,1716,964000
18500,1717,737000
18500,1735,370000
18500,1736,771000
18500,1775,1431000
18500,1956,825000
18519,0003,150
18519,0029,182
18519,0031,202
18519,0036,84
18519,0056,57
18519,0065,32
18519,0066,13
18519,0289,125
18519,0599,131
18519,1066,77
18519,1068,225
18519,1132,127
18519,1230,151
18519,1291,102
18519,1344,49
18519,1389,273
18519,1401,62
18519,1425,410
18519,1426,500
18519,1428,107
18519,1438,113
18519,1439,191
18519,1450,124
18519,1469,185
18519,1478,122
18519,1482,49
18519,1506,243
18519,1507,369
18519,1539,158
18519,1553,152
18519,1584,131
18519,1682,252
18519,1695,195
18519,1716,206
18519,1717,245
18519,1735,45
18519,1736,141
18519,1775,169
18519,1956,189
18520,0003,415
18520,0029,249
18520,0031,428
18520,0036,224
18520,0056,161
18520,0065,38
18520,0066,31
18520,0289,184
18520,0599,368
18520,1066,184
18520,1068,437
18520,1132,211
18520,1230,358
18520,1291,91
18520,1344,68
18520,1389,320
18520,1401,70
18520,1425,988
18520,1426,1690
18520,1428,231
18520,1438,442
18520,1439,589
18520,1450,167
18520,1469,378
18520,1478,122
18520,1482,160
18520,1506,2242
18520,1507,824
18520,1539,172
18520,1553,197
18520,1584,129
18520,1682,375
18520,1695,214
18520,1716,177
18520,1717,391
18520,1735,60
18520,1736,187
18520,1775,356
18520,1956,316
1865,0065,42
1865,0066,29
1865,1344,56
1865,1389,75
1865,1450,97
1865,1584,1
1865,1682,46
1865,1735,45
1865,1736,55
1865,1775,35
1867,0003,162
1867,0029,67
1867,0031,168
1867,0036,77
1867,0056,33
1867,0065,72
1867,0066,99
1867,0289,116
1867,0599,52
1867,1066,54
1867,1068,95
1867,1132,53
1867,1230,150
1867,1291,69
1867,1344,98
1867,1389,740
1867,1401,41
1867,1425,127
1867,1426,228
1867,1428,83
1867,1438,104
1867,1439,110
1867,1450,172
1867,1469,208
1867,1478,67
1867,1482,43
1867,1506,284
1867,1507,160
1867,1539,43
1867,1553,97
1867,1584,91
1867,1682,568
1867,1695,70
1867,1716,239
1867,1717,237
1867,1735,289
1867,1736,407
1867,1775,308
1867,1956,130
18708,0003,113
18708,0029,102
18708,0031,191
18708,0036,105
18708,0056,80
18708,0065,29
18708,0066,24
18708,0289,150
18708,0599,44
18708,1066,46
18708,1068,125
18708,1132,81
18708,1230,123
18708,1291,121
18708,1344,76
18708,1389,190
18708,1401,70
18708,1425,244
18708,1426,242
18708,1428,129
18708,1438,132
18708,1439,87
18708,1450,72
18708,1469,111
18708,1478,56
18708,1482,67
18708,1506,166
18708,1507,333
18708,1539,96
18708,1553,107
18708,1584,79
18708,1682,174
18708,1695,142
18708,1716,135
18708,1717,113
18708,1735,48
18708,1736,72
18708,1775,116
18708,1956,92
18800,0003,547000
18800,0029,733000
18800,0031,1184000
18800,0036,628000
18800,0056,297000
18800,0065,505000
18800,0066,514000
18800,0289,1451000
18800,0599,649000
18800,1066,830000
18800,1068,1059000
18800,1132,504000
18800,1230,1643000
18800,1291,298000
18800,1344,599000
18800,1389,589000
18800,1401,383000
18800,1425,675000
18800,1426,922000
18800,1428,382000
18800,1438,634000
18800,1439,629000
18800,1450,565000
18800,1469,1221000
18800,1478,395000
18800,1482,523000
18800,1506,1144000
18800,1507,1356000
18800,1539,713000
18800,1553,722000
18800,1584,512000
18800,1682,386000
18800,1695,730000
18800,1716,581000
18800,1717,398000
18800,1735,321000
18800,1736,523000
18800,1775,726000
18800,1956,619000
18853,0003,71
18853,0029,71
18853,0031,85
18853,0036,31
18853,0056,54
18853,0065,13
18853,0066,28
18853,0289,46
18853,0599,41
18853,1066,19
18853,1068,37
18853,1132,61
18853,1230,60
18853,1291,43
18853,1344,34
18853,1389,82
18853,1401,50
18853,1426,146
18853,1428,56
18853,1438,40
18853,1439,57
18853,1450,18
18853,1469,46
18853,1478,34
18853,1482,18
18853,1506,108
18853,1507,59
18853,1539,78
18853,1553,61
18853,1584,41
18853,1682,115
18853,1695,42
18853,1716,85
18853,1717,74
18853,1735,62
18853,1736,58
18853,1775,57
18853,1956,38
18854,0003,40
18854,0029,51
18854,0031,33
18854,0036,16
18854,0056,13
18854,0065,9
18854,0066,19
18854,0289,26
18854,0599,19
18854,1066,10
18854,1068,25
18854,1132,31
18854,1230,24
18854,1291,10
18854,1344,15
18854,1389,67
18854,1401,16
18854,1425,37
18854,1426,44
18854,1428,38
18854,1438,11
18854,1439,24
18854,1450,18
18854,1469,24
18854,1478,14
18854,1482,19
18854,1506,39
18854,1507,31
18854,1539,87
18854,1553,20
18854,1584,16
18854,1682,47
18854,1695,24
18854,1716,37
18854,1717,17
18854,1735,32
18854,1736,25
18854,1775,205
18854,1956,10
18900,0003,199000
18900,0029,201000
18900,0031,374000
18900,0036,147000
18900,0056,73000
18900,0065,192000
18900,0066,204000
18900,0289,621000
18900,0599,104000
18900,1066,259000
18900,1068,507000
18900,1132,191000
18900,1230,571000
18900,1291,211000
18900,1344,258000
18900,1389,603000
18900,1401,174000
18900,1425,632000
18900,1426,713000
18900,1428,108000
18900,1438,309000
18900,1439,363000
18900,1450,607000
18900,1469,522000
18900,1478,259000
18900,1482,146000
18900,1506,710000
18900,1507,722000
18900,1539,212000
18900,1553,170000
18900,1584,450000
18900,1682,402000
18900,1695,215000
18900,1716,738000
18900,1717,413000
18900,1735,217000
18900,1736,369000
18900,1775,325000
18900,1956,481000
1918,0003,112
1918,0029,68
1918,0031,93
1918,0036,94
1918,0056,57
1918,0065,31
1918,0066,45
1918,0289,104
1918,0599,56
1918,1066,58
1918,1068,109
1918,1132,57
1918,1230,100
1918,1291,47
1918,1344,55
1918,1389,198
1918,1401,40
1918,1425,218
1918,1426,327
1918,1428,79
1918,1438,68
1918,1439,108
1918,1450,68
1918,1469,143
1918,1478,70
1918,1482,57
1918,1506,244
1918,1507,210
1918,1539,42
1918,1553,72
1918,1584,115
1918,1682,174
1918,1695,48
1918,1716,302
1918,1717,165
1918,1735,75
1918,1736,138
1918,1775,69
1918,1956,107
1957,0003,72
1957,0029,29
1957,0031,80
1957,0056,55
1957,0065,30
1957,0066,20
1957,0289,22
1957,0599,40
1957,1066,14
1957,1068,42
1957,1132,44
1957,1230,75
1957,1291,24
1957,1344,24
1957,1389,50
1957,1401,13
1957,1425,43
1957,1426,76
1957,1428,69
1957,1438,69
1957,1439,60
1957,1450,44
1957,1469,67
1957,1478,25
1957,1482,18
1957,1506,69
1957,1507,42
1957,1539,13
1957,1553,49
1957,1584,31
1957,1682,42
1957,1695,41
1957,1716,114
1957,1717,34
1957,1735,30
1957,1736,44
1957,1775,20
1957,1956,20
19612,0003,228
19612,0029,119
19612,0031,197
19612,0036,116
19612,0056,107
19612,0065,107
19612,0066,78
19612,0289,249
19612,0599,81
19612,1066,124
19612,1068,256
19612,1132,187
19612,1230,251
19612,1291,159
19612,1344,62
19612,1389,325
19612,1401,115
19612,1425,454
19612,1426,487
19612,1428,135
19612,1438,240
19612,1439,225
19612,1450,165
19612,1469,313
19612,1478,151
19612,1482,44
19612,1506,460
19612,1507,567
19612,1539,69
19612,1553,156
19612,1584,210
19612,1682,386
19612,1695,73
19612,1716,612
19612,1717,322
19612,1735,188
19612,1736,312
19612,1775,74
19612,1956,247
19798,0003,289
19798,0029,743
19798,0031,723
19798,0056,306
19798,0065,191
19798,0066,260
19798,0289,480
19798,0599,179
19798,1066,256
19798,1068,643
19798,1132,320
19798,1230,1192
19798,1291,83
19798,1344,327
19798,1389,811
19798,1401,268
19798,1425,268
19798,1426,413
19798,1428,363
19798,1438,273
19798,1439,285
19798,1450,147
19798,1469,967
19798,1478,518
19798,1482,223
19798,1506,510
19798,1507,978
19798,1539,238
19798,1553,384
19798,1584,629
19798,1682,259
19798,1695,412
19798,1716,1132
19798,1717,621
19798,1735,738
19798,1736,663
19798,1775,1368
19798,1956,684
19799,0003,235
19799,0029,257
19799,0031,303
19799,0056,157
19799,0065,94
19799,0066,126
19799,0289,464
19799,0599,164
19799,1066,146
19799,1068,292
19799,1132,169
19799,1230,318
19799,1291,106
19799,1344,139
19799,1389,343
19799,1401,126
19799,1425,438
19799,1426,734
19799,1428,173
19799,1438,209
19799,1439,222
19799,1450,126
19799,1469,343
19799,1478,191
19799,1482,129
19799,1506,575
19799,1507,513
19799,1539,161
19799,1553,232
19799,1584,210
19799,1682,304
19799,1695,218
19799,1716,532
19799,1717,375
19799,1735,208
19799,1736,299
19799,1775,381
19799,1956,287
19800,0003,76
19800,0029,133
19800,0031,134
19800,0056,70
19800,0065,59
19800,0066,63
19800,0289,89
19800,0599,113
19800,1066,41
19800,1068,128
19800,1132,64
19800,1230,154
19800,1291,34
19800,1344,38
19800,1389,192
19800,1401,79
19800,1425,177
19800,1426,361
19800,1428,78
19800,1438,130
19800,1439,108
19800,1450,102
19800,1469,88
19800,1478,72
19800,1482,21
19800,1506,226
19800,1507,232
19800,1539,43
19800,1553,100
19800,1584,148
19800,1682,145
19800,1695,50
19800,1716,269
19800,1717,140
19800,1735,70
19800,1736,123
19800,1775,90
19800,1956,134
19825,0003,574
19825,0029,276
19825,0031,565
19825,0036,210
19825,0056,277
19825,0065,96
19825,0066,124
19825,0289,481
19825,0599,226
19825,1066,189
19825,1068,504
19825,1132,400
19825,1230,845
19825,1291,204
19825,1344,226
19825,1389,183
19825,1401,219
19825,1425,729
19825,1426,999
19825,1428,277
19825,1438,375
19825,1439,426
19825,1450,225
19825,1469,561
19825,1478,284
19825,1482,122
19825,1506,818
19825,1507,616
19825,1539,151
19825,1553,342
19825,1584,443
19825,1682,267
19825,1695,158
19825,1716,804
19825,1717,537
19825,1735,215
19825,1736,380
19825,1775,175
19825,1956,392
19862,0003,55
19862,0029,20
19862,0031,84
19862,0056,19
19862,0065,6
19862,0066,17
19862,0289,24
19862,0599,7
19862,1066,14
19862,1068,37
19862,1132,24
19862,1230,85
19862,1291,18
19862,1344,20
19862,1389,26
19862,1401,17
19862,1425,62
19862,1426,74
19862,1428,30
19862,1438,20
19862,1439,28
19862,1450,11
19862,1469,39
19862,1478,38
19862,1482,11
19862,1506,73
19862,1507,32
19862,1539,9
19862,1553,26
19862,1584,50
19862,1682,21
19862,1695,14
19862,1716,62
19862,1717,29
19862,1735,16
19862,1736,25
19862,1775,18
19862,1956,26
19863,0003,102
19863,0029,50
19863,0031,89
19863,0056,58
19863,0065,15
19863,0066,30
19863,0289,88
19863,0599,74
19863,1066,41
19863,1068,112
19863,1132,61
19863,1230,121
19863,1291,30
19863,1344,92
19863,1389,54
19863,1401,48
19863,1425,163
19863,1426,177
19863,1428,71
19863,1438,67
19863,1439,75
19863,1450,35
19863,1469,106
19863,1478,67
19863,1482,13
19863,1506,142
19863,1507,111
19863,1539,23
19863,1553,53
19863,1584,72
19863,1682,43
19863,1695,65
19863,1716,208
19863,1717,66
19863,1735,28
19863,1736,49
19863,1775,35
19863,1956,78
19870,0003,239
19870,0029,107
19870,0031,210
19870,0036,155
19870,0056,188
19870,0065,29
19870,0066,65
19870,0289,111
19870,0599,85
19870,1066,122
19870,1068,146
19870,1132,136
19870,1230,177
19870,1291,77
19870,1344,39
19870,1389,130
19870,1401,83
19870,1425,252
19870,1426,372
19870,1428,75
19870,1438,152
19870,1439,198
19870,1450,76
19870,1469,159
19870,1478,93
19870,1482,33
19870,1506,418
19870,1507,348
19870,1539,118
19870,1553,244
19870,1584,118
19870,1682,133
19870,1695,94
19870,1716,264
19870,1717,169
19870,1735,74
19870,1736,110
19870,1775,75
19870,1956,138
1989,0003,148
1989,0029,91
1989,0031,132
1989,0036,108
1989,0056,57
1989,0065,30
1989,0066,39
1989,0289,108
1989,0599,63
1989,1066,73
1989,1068,143
1989,1132,113
1989,1230,160
1989,1291,42
1989,1344,40
1989,1389,120
1989,1401,59
1989,1425,188
1989,1426,266
1989,1428,68
1989,1438,79
1989,1439,114
1989,1450,58
1989,1469,225
1989,1478,72
1989,1482,76
1989,1506,295
1989,1507,215
1989,1539,58
1989,1553,102
1989,1584,102
1989,1682,133
1989,1695,45
1989,1716,298
1989,1717,206
1989,1735,75
1989,1736,124
1989,1775,66
1989,1956,126
20156,0003,505
20156,0029,392
20156,0031,599
20156,0056,254
20156,0065,90
20156,0066,181
20156,0289,601
20156,0599,171
20156,1066,173
20156,1068,598
20156,1132,428
20156,1230,353
20156,1291,118
20156,1344,169
20156,1389,1584
20156,1401,77
20156,1425,562
20156,1426,872
20156,1428,158
20156,1438,255
20156,1439,430
20156,1450,402
20156,1469,547
20156,1478,237
20156,1482,128
20156,1506,799
20156,1507,632
20156,1539,175
20156,1553,424
20156,1584,237
20156,1682,755
20156,1695,184
20156,1716,765
20156,1717,501
20156,1735,402
20156,1736,583
20156,1775,367
20156,1956,262
20443,0003,19
20443,0029,9
20443,0031,3
20443,0036,14
20443,0056,7
20443,0065,15
20443,0066,14
20443,0289,6
20443,0599,5
20443,1066,7
20443,1068,16
20443,1132,20
20443,1230,17
20443,1291,1
20443,1344,10
20443,1389,28
20443,1401,16
20443,1425,27
20443,1426,17
20443,1428,26
20443,1438,13
20443,1439,24
20443,1450,10
20443,1469,13
20443,1478,9
20443,1482,7
20443,1506,27
20443,1507,20
20443,1539,7
20443,1553,11
20443,1584,7
20443,1682,67
20443,1695,3
20443,1716,42
20443,1717,26
20443,1735,17
20443,1736,22
20443,1775,48
20443,1956,19
20677,0003,271
20677,0029,125
20677,0031,530
20677,0036,115
20677,0056,120
20677,0065,54
20677,0066,25
20677,0289,205
20677,0599,93
20677,1066,57
20677,1068,116
20677,1132,106
20677,1230,536
20677,1291,74
20677,1344,45
20677,1389,147
20677,1401,63
20677,1425,167
20677,1426,251
20677,1428,185
20677,1438,145
20677,1439,150
20677,1450,49
20677,1469,435
20677,1478,89
20677,1482,62
20677,1506,222
20677,1507,287
20677,1539,41
20677,1553,198
20677,1584,112
20677,1682,110
20677,1695,52
20677,1716,285
20677,1717,209
20677,1735,74
20677,1736,159
20677,1775,55
20677,1956,140
20678,0003,63
20678,0029,30
20678,0031,52
20678,0036,48
20678,0056,30
20678,0065,12
20678,0066,11
20678,0289,35
20678,0599,29
20678,1066,15
20678,1068,32
20678,1132,28
20678,1230,54
20678,1291,20
20678,1344,19
20678,1389,30
20678,1401,28
20678,1425,69
20678,1426,83
20678,1428,27
20678,1438,32
20678,1439,38
20678,1450,32
20678,1469,42
20678,1478,34
20678,1482,13
20678,1506,63
20678,1507,45
20678,1539,14
20678,1553,28
20678,1584,25
20678,1682,28
20678,1695,21
20678,1716,80
20678,1717,33
20678,1735,17
20678,1736,17
20678,1775,24
20678,1956,35
20696,0003,65
20696,0029,89
20696,0031,105
20696,0056,28
20696,0065,19
20696,0066,23
20696,0289,95
20696,0599,51
20696,1066,36
20696,1068,62
20696,1132,47
20696,1230,184
20696,1291,24
20696,1344,27
20696,1389,140
20696,1401,43
20696,1425,124
20696,1426,234
20696,1428,63
20696,1438,35
20696,1439,76
20696,1450,63
20696,1469,95
20696,1478,47
20696,1482,35
20696,1506,203
20696,1507,138
20696,1539,25
20696,1553,65
20696,1584,60
20696,1682,109
20696,1695,62
20696,1716,141
20696,1717,76
20696,1735,53
20696,1736,69
20696,1775,114
20696,1956,95
20958,0003,60
20958,0029,43
20958,0031,136
20958,0056,37
20958,0065,10
20958,0066,20
20958,0289,61
20958,0599,84
20958,1066,19
20958,1068,43
20958,1132,48
20958,1230,140
20958,1291,32
20958,1344,20
20958,1389,151
20958,1401,49
20958,1425,142
20958,1426,147
20958,1428,58
20958,1438,50
20958,1439,97
20958,1450,60
20958,1469,86
20958,1478,42
20958,1482,26
20958,1506,125
20958,1507,143
20958,1539,53
20958,1553,40
20958,1584,82
20958,1682,123
20958,1695,70
20958,1716,114
20958,1717,95
20958,1735,59
20958,1736,92
20958,1775,81
20958,1956,99
21034,0003,53
21034,0029,66
21034,0031,295
21034,0036,72
21034,0056,208
21034,0065,33
21034,0066,29
21034,0289,116
21034,0599,61
21034,1066,26
21034,1068,81
21034,1132,33
21034,1230,200
21034,1291,36
21034,1344,23
21034,1389,242
21034,1401,17
21034,1425,225
21034,1426,216
21034,1428,56
21034,1438,127
21034,1439,187
21034,1450,76
21034,1469,190
21034,1478,55
21034,1482,24
21034,1506,289
21034,1507,256
21034,1539,29
21034,1553,118
21034,1584,38
21034,1682,167
21034,1695,42
21034,1716,169
21034,1717,88
21034,1735,61
21034,1736,100
21034,1775,31
21034,1956,76
21421,0003,112
21421,0029,65
21421,0031,196
21421,0056,57
21421,0065,23
21421,0066,38
21421,0289,140
21421,0599,76
21421,1066,68
21421,1068,125
21421,1132,76
21421,1230,207
21421,1291,34
21421,1344,29
21421,1389,191
21421,1401,29
21421,1425,176
21421,1426,194
21421,1428,88
21421,1438,71
21421,1439,112
21421,1450,71
21421,1469,221
21421,1478,36
21421,1482,57
21421,1506,311
21421,1507,191
21421,1539,37
21421,1553,178
21421,1584,96
21421,1682,195
21421,1695,78
21421,1716,206
21421,1717,214
21421,1735,82
21421,1736,173
21421,1775,78
21421,1956,80
21423,0003,89
21423,0029,62
21423,0031,106
21423,0056,78
21423,0065,21
21423,0289,60
21423,0599,35
21423,1066,32
21423,1068,37
21423,1132,41
21423,1230,4
21423,1291,1
21423,1344,37
21423,1389,87
21423,1401,29
21423,1425,124
21423,1426,127
21423,1428,66
21423,1438,74
21423,1439,68
21423,1450,64
21423,1469,108
21423,1478,76
21423,1482,16
21423,1506,131
21423,1507,141
21423,1553,106
21423,1584,51
21423,1682,91
21423,1716,140
21423,1717,119
21423,1735,42
21423,1736,79
21423,1775,22
21423,1956,73
21424,0003,119
21424,0029,48
21424,0031,108
21424,0056,84
21424,0065,28
21424,0289,57
21424,0599,44
21424,1066,36
21424,1068,58
21424,1132,44
21424,1291,1
21424,1344,23
21424,1389,58
21424,1401,16
21424,1425,106
21424,1426,156
21424,1428,36
21424,1438,76
21424,1439,91
21424,1450,44
21424,1469,98
21424,1478,70
21424,1482,25
21424,1506,127
21424,1507,112
21424,1553,137
21424,1584,57
21424,1682,71
21424,1716,147
21424,1717,83
21424,1735,29
21424,1736,66
21424,1775,26
21424,1956,87
21613,0003,128
21613,0029,57
21613,0031,143
21613,0036,72
21613,0056,67
21613,0065,18
21613,0066,39
21613,0289,96
21613,0599,52
21613,1066,40
21613,1068,90
21613,1132,101
21613,1230,114
21613,1291,33
21613,1344,41
21613,1389,228
21613,1401,32
21613,1425,127
21613,1426,238
21613,1428,45
21613,1438,86
21613,1439,127
21613,1450,51
21613,1469,115
21613,1478,41
21613,1482,29
21613,1506,251
21613,1507,200
21613,1539,47
21613,1553,80
21613,1584,55
21613,1682,220
21613,1695,106
21613,1716,232
21613,1717,128
21613,1735,42
21613,1736,158
21613,1775,59
21613,1956,114
21614,0003,37
21614,0029,32
21614,0031,57
21614,0056,21
21614,0065,10
21614,0066,17
21614,0289,40
21614,0599,16
21614,1066,16
21614,1068,40
21614,1132,35
21614,1230,35
21614,1291,15
21614,1344,13
21614,1389,137
21614,1401,25
21614,1425,54
21614,1426,103
21614,1428,21
21614,1438,23
21614,1439,43
21614,1450,31
21614,1469,74
21614,1478,19
21614,1482,9
21614,1506,101
21614,1507,67
21614,1539,27
21614,1553,26
21614,1584,47
21614,1682,73
21614,1695,20
21614,1716,112
21614,1717,61
21614,1735,27
21614,1736,84
21614,1775,38
21614,1956,43
21615,0003,99
21615,0029,36
21615,0031,70
21615,0036,45
21615,0056,32
21615,0065,14
21615,0066,22
21615,0289,92
21615,0599,28
21615,1066,19
21615,1068,80
21615,1132,52
21615,1230,97
21615,1291,25
21615,1344,32
21615,1389,154
21615,1401,35
21615,1425,99
21615,1426,195
21615,1428,39
21615,1438,49
21615,1439,65
21615,1450,45
21615,1469,76
21615,1478,40
21615,1482,25
21615,1506,151
21615,1507,106
21615,1539,37
21615,1553,49
21615,1584,36
21615,1682,127
21615,1695,63
21615,1716,153
21615,1717,105
21615,1735,30
21615,1736,97
21615,1775,65
21615,1956,107
21616,0003,57
21616,0029,32
21616,0031,52
21616,0056,25
21616,0065,5
21616,0066,5
21616,0289,45
21616,0599,25
21616,1066,24
21616,1068,45
21616,1132,34
21616,1230,39
21616,1291,13
21616,1344,13
21616,1389,103
21616,1401,26
21616,1425,55
21616,1426,94
21616,1428,29
21616,1438,36
21616,1439,39
21616,1450,24
21616,1469,46
21616,1478,28
21616,1482,7
21616,1506,88
21616,1507,70
21616,1539,24
21616,1553,19
21616,1584,43
21616,1682,58
21616,1695,10
21616,1716,85
21616,1717,49
21616,1735,25
21616,1736,50
21616,1775,19
21616,1956,43
21617,0003,1
21617,0031,3
21617,0056,1
21617,0066,1
21617,0289,1
21617,1068,1
21617,1132,1
21617,1230,3
21617,1389,1
21617,1401,2
21617,1425,4
21617,1438,1
21617,1439,2
21617,1469,1
21617,1482,1
21617,1506,6
21617,1507,3
21617,1539,2
21617,1553,2
21617,1584,5
21617,1682,2
21617,1695,1
21617,1716,5
21617,1717,4
21617,1735,1
21617,1736,3
21617,1775,1
21617,1956,1
21618,0003,12
21618,0029,13
21618,0031,16
21618,0056,14
21618,0066,12
21618,0289,40
21618,0599,8
21618,1132,1
21618,1230,22
21618,1291,5
21618,1344,14
21618,1389,43
21618,1401,11
21618,1425,23
21618,1426,27
21618,1428,21
21618,1438,21
21618,1439,15
21618,1450,13
21618,1469,28
21618,1478,11
21618,1506,24
21618,1539,5
21618,1553,7
21618,1584,20
21618,1682,25
21618,1716,40
21618,1717,24
21618,1735,18
21618,1775,21
21618,1956,10
21619,0003,41
21619,0029,23
21619,0031,100
21619,0056,24
21619,0066,14
21619,0289,29
21619,0599,45
21619,1066,11
21619,1068,12
21619,1132,20
21619,1230,69
21619,1291,6
21619,1344,16
21619,1389,74
21619,1401,3
21619,1425,46
21619,1426,83
21619,1428,28
21619,1438,33
21619,1439,41
21619,1450,20
21619,1469,56
21619,1478,27
21619,1482,10
21619,1506,74
21619,1507,69
21619,1539,2
21619,1553,43
21619,1584,32
21619,1682,107
21619,1695,26
21619,1716,97
21619,1717,34
21619,1735,22
21619,1736,68
21619,1775,12
21619,1956,25
21648,0065,44
21648,0066,38
21648,1344,40
21648,1389,9
21648,1450,78
21648,1682,163
21648,1735,67
21648,1736,135
21648,1775,79
21651,0066,10
21651,1344,12
21651,1389,114
21651,1450,22
21651,1682,62
21651,1735,25
21651,1736,41
21651,1775,25
21711,0003,88
21711,0029,68
21711,0031,87
21711,0036,33
21711,0056,76
21711,0065,10
21711,0066,26
21711,0289,37
21711,0599,16
21711,1066,17
21711,1068,45
21711,1132,21
21711,1230,46
21711,1291,29
21711,1344,31
21711,1389,120
21711,1401,34
21711,1425,88
21711,1426,149
21711,1428,44
21711,1438,50
21711,1439,71
21711,1450,44
21711,1469,53
21711,1478,35
21711,1506,154
21711,1507,108
21711,1539,10
21711,1553,63
21711,1584,65
21711,1682,112
21711,1695,10
21711,1716,287
21711,1717,99
21711,1735,51
21711,1736,102
21711,1775,14
21711,1956,55
21713,0003,102
21713,0029,35
21713,0031,68
21713,0036,43
21713,0056,39
21713,0065,24
21713,0066,23
21713,0289,39
21713,0599,17
21713,1066,21
21713,1068,33
21713,1132,40
21713,1230,65
21713,1291,31
21713,1344,25
21713,1389,90
21713,1401,51
21713,1425,75
21713,1426,123
21713,1428,25
21713,1438,52
21713,1439,68
21713,1450,45
21713,1469,77
21713,1478,44
21713,1482,10
21713,1506,164
21713,1507,117
21713,1539,16
21713,1553,48
21713,1584,67
21713,1682,80
21713,1695,15
21713,1716,290
21713,1717,96
21713,1735,41
21713,1736,87
21713,1775,18
21713,1956,56
22145,0003,260
22145,0029,169
22145,0031,200
22145,0036,181
22145,0056,200
22145,0065,97
22145,0066,82
22145,0289,821
22145,0599,194
22145,1066,157
22145,1068,253
22145,1132,398
22145,1230,404
22145,1291,280
22145,1344,79
22145,1389,385
22145,1401,185
22145,1425,530
22145,1426,783
22145,1428,259
22145,1438,168
22145,1439,335
22145,1450,160
22145,1469,358
22145,1478,214
22145,1482,108
22145,1506,760
22145,1507,832
22145,1539,93
22145,1553,210
22145,1584,335
22145,1682,224
22145,1695,236
22145,1716,908
22145,1717,596
22145,1735,196
22145,1736,322
22145,1775,84
22145,1956,381
22146,0003,170
22146,0029,95
22146,0031,176
22146,0036,102
22146,0056,162
22146,0066,60
22146,0289,201
22146,0599,101
22146,1066,90
22146,1068,137
22146,1132,112
22146,1230,251
22146,1291,119
22146,1344,56
22146,1389,286
22146,1401,54
22146,1425,309
22146,1426,297
22146,1428,153
22146,1438,130
22146,1439,182
22146,1450,154
22146,1469,275
22146,1478,117
22146,1482,57
22146,1506,363
22146,1507,335
22146,1539,39
22146,1553,150
22146,1584,131
22146,1682,180
22146,1695,67
22146,1716,364
22146,1717,222
22146,1735,107
22146,1736,174
22146,1775,56
22146,1956,123
22632,0003,146
22632,0029,116
22632,0031,212
22632,0036,69
22632,0056,154
22632,0065,41
22632,0066,55
22632,0289,231
22632,0599,84
22632,1066,66
22632,1068,151
22632,1132,82
22632,1230,214
22632,1291,74
22632,1344,85
22632,1389,479
22632,1401,95
22632,1425,308
22632,1426,535
22632,1428,109
22632,1438,200
22632,1439,333
22632,1450,207
22632,1469,333
22632,1478,175
22632,1482,32
22632,1506,401
22632,1507,469
22632,1539,39
22632,1553,202
22632,1584,176
22632,1682,355
22632,1695,30
22632,1716,456
22632,1717,252
22632,1735,100
22632,1736,230
22632,1775,71
22632,1956,201
22783,0003,125
22783,0029,31
22783,0031,48
22783,0036,106
22783,0056,51
22783,0289,50
22783,0599,51
22783,1066,26
22783,1068,98
22783,1132,64
22783,1230,72
22783,1291,25
22783,1401,29
22783,1425,77
22783,1426,118
22783,1428,86
22783,1438,49
22783,1439,56
22783,1469,42
22783,1478,44
22783,1482,16
22783,1506,128
22783,1507,92
22783,1539,25
22783,1553,77
22783,1584,47
22783,1695,37
22783,1716,138
22783,1717,64
22783,1956,55
22795,0003,206
22795,0029,232
22795,0031,529
22795,0036,144
22795,0056,186
22795,0289,209
22795,0599,133
22795,1066,150
22795,1068,236
22795,1132,108
22795,1230,484
22795,1291,94
22795,1401,92
22795,1425,654
22795,1426,872
22795,1428,164
22795,1438,217
22795,1439,328
22795,1469,575
22795,1478,239
22795,1482,104
22795,1506,806
22795,1507,420
22795,1539,130
22795,1553,371
22795,1584,239
22795,1695,142
22795,1716,762
22795,1717,500
22795,1956,378
22796,0003,882
22796,0029,695
22796,0031,1123
22796,0036,451
22796,0056,470
22796,0289,839
22796,0599,321
22796,1066,290
22796,1068,999
22796,1132,384
22796,1230,1083
22796,1291,287
22796,1401,249
22796,1425,1660
22796,1426,3067
22796,1428,302
22796,1438,714
22796,1439,848
22796,1469,1724
22796,1478,494
22796,1482,317
22796,1506,2272
22796,1507,1733
22796,1539,396
22796,1553,968
22796,1584,791
22796,1695,282
22796,1716,2469
22796,1717,1361
22796,1956,987
23192,0003,191
23192,0029,44
23192,0031,103
23192,0036,28
23192,0056,106
23192,0065,60
23192,0066,71
23192,0289,208
23192,0599,75
23192,1066,48
23192,1068,131
23192,1132,119
23192,1230,279
23192,1291,91
23192,1344,102
23192,1389,289
23192,1401,96
23192,1425,194
23192,1426,209
23192,1428,104
23192,1438,108
23192,1439,146
23192,1450,166
23192,1469,114
23192,1478,95
23192,1482,66
23192,1506,334
23192,1507,336
23192,1539,53
23192,1553,181
23192,1584,189
23192,1682,251
23192,1695,67
23192,1716,286
23192,1717,243
23192,1735,169
23192,1736,284
23192,1775,84
23192,1956,183
23855,1506,1
23855,1584,1
24080,1066,284
24080,1132,360
24080,1291,257
24080,1401,208
24080,1478,224
24080,1716,342
24080,1717,284
24080,1775,428
24133,0003,267
24133,0029,139
24133,0031,139
24133,0036,86
24133,0056,99
24133,0065,16
24133,0066,61
24133,0289,100
24133,0599,113
24133,1066,23
24133,1068,125
24133,1132,126
24133,1230,130
24133,1291,83
24133,1344,104
24133,1389,57
24133,1401,155
24133,1425,97
24133,1426,170
24133,1428,236
24133,1438,182
24133,1439,190
24133,1450,106
24133,1469,81
24133,1478,122
24133,1482,20
24133,1506,190
24133,1507,211
24133,1539,49
24133,1553,182
24133,1584,142
24133,1682,40
24133,1695,50
24133,1716,260
24133,1717,102
24133,1735,44
24133,1736,59
24133,1775,65
24133,1956,68
24213,0003,59
24213,0029,13
24213,0031,14
24213,0056,12
24213,0289,11
24213,0599,8
24213,1066,4
24213,1068,29
24213,1132,12
24213,1230,18
24213,1291,11
24213,1401,15
24213,1425,41
24213,1426,56
24213,1428,29
24213,1438,20
24213,1439,25
24213,1469,26
24213,1478,20
24213,1506,52
24213,1507,40
24213,1539,5
24213,1553,25
24213,1584,29
24213,1695,9
24213,1716,43
24213,1717,34
24213,1956,34
24214,0003,86
24214,0029,20
24214,0031,56
24214,0056,39
24214,0289,56
24214,0599,25
24214,1066,16
24214,1068,54
24214,1132,49
24214,1230,52
24214,1291,32
24214,1401,52
24214,1425,97
24214,1426,122
24214,1428,55
24214,1438,48
24214,1439,83
24214,1469,45
24214,1478,48
24214,1506,135
24214,1507,134
24214,1539,3
24214,1553,41
24214,1584,47
24214,1695,28
24214,1716,154
24214,1717,76
24214,1956,62
24513,0003,36
24513,0029,51
24513,0031,36
24513,0056,12
24513,0065,4
24513,0066,9
24513,0289,20
24513,0599,10
24513,1066,12
24513,1068,21
24513,1132,19
24513,1230,36
24513,1291,1
24513,1344,10
24513,1389,70
24513,1401,12
24513,1425,49
24513,1426,51
24513,1428,14
24513,1438,8
24513,1439,20
24513,1450,14
24513,1469,27
24513,1478,24
24513,1482,12
24513,1506,54
24513,1507,42
24513,1539,18
24513,1553,18
24513,1584,7
24513,1682,21
24513,1695,23
24513,1716,62
24513,1717,30
24513,1735,27
24513,1736,27
24513,1775,25
24513,1956,36
24514,0003,21
24514,0029,20
24514,0031,16
24514,0056,7
24514,0065,2
24514,0289,12
24514,0599,7
24514,1066,6
24514,1068,14
24514,1132,5
24514,1230,11
24514,1291,7
24514,1344,3
24514,1389,9
24514,1401,5
24514,1425,5
24514,1426,40
24514,1428,13
24514,1438,4
24514,1439,9
24514,1450,3
24514,1469,10
24514,1478,9
24514,1482,2
24514,1506,21
24514,1507,21
24514,1539,2
24514,1553,14
24514,1584,8
24514,1682,9
24514,1695,9
24514,1716,20
24514,1717,14
24514,1735,10
24514,1736,24
24514,1775,9
24514,1956,25
24560,0003,225
24560,0029,121
24560,0031,130
24560,0036,85
24560,0056,108
24560,0065,86
24560,0066,52
24560,0289,167
24560,0599,79
24560,1066,79
24560,1068,211
24560,1132,132
24560,1230,225
24560,1291,103
24560,1344,73
24560,1389,196
24560,1401,119
24560,1425,357
24560,1426,402
24560,1428,141
24560,1438,235
24560,1439,209
24560,1450,177
24560,1469,224
24560,1478,112
24560,1482,59
24560,1506,346
24560,1507,383
24560,1539,41
24560,1553,104
24560,1584,179
24560,1682,256
24560,1695,64
24560,1716,469
24560,1717,224
24560,1735,108
24560,1736,212
24560,1775,62
24560,1956,174
27151,1066,5
27151,1230,9
27151,1584,2
27151,1736,3
27167,0065,64
27167,0066,92
27167,1344,162
27167,1389,273
27167,1450,197
27167,1682,604
27167,1735,277
27167,1736,406
27167,1775,314
27168,0065,130
27168,0066,201
27168,1344,245
27168,1389,1503
27168,1450,500
27168,1682,1702
27168,1735,725
27168,1736,988
27168,1775,837
27275,0003,121
27275,0029,111
27275,0031,215
27275,0036,117
27275,0056,309
27275,0289,44
27275,0599,125
27275,1066,37
27275,1068,57
27275,1132,79
27275,1230,194
27275,1291,71
27275,1401,44
27275,1425,86
27275,1426,142
27275,1428,333
27275,1438,243
27275,1439,175
27275,1469,104
27275,1478,64
27275,1482,43
27275,1506,166
27275,1507,122
27275,1553,181
27275,1584,59
27275,1695,81
27275,1716,167
27275,1717,52
27275,1956,44
27276,0003,91
27276,0029,52
27276,0031,80
27276,0036,56
27276,0056,67
27276,0289,38
27276,0599,44
27276,1066,25
27276,1068,46
27276,1132,56
27276,1230,88
27276,1291,40
27276,1401,50
27276,1425,78
27276,1426,90
27276,1428,105
27276,1438,79
27276,1439,91
27276,1469,43
27276,1478,73
27276,1482,11
27276,1506,103
27276,1507,67
27276,1539,27
27276,1553,83
27276,1584,60
27276,1695,28
27276,1716,210
27276,1717,72
27276,1956,51
27277,0003,17
27277,0029,43
27277,0031,121
27277,0036,36
27277,0056,88
27277,0289,11
27277,0599,62
27277,1066,5
27277,1068,20
27277,1132,14
27277,1230,44
27277,1291,17
27277,1401,4
27277,1425,18
27277,1426,58
27277,1428,211
27277,1438,101
27277,1439,68
27277,1469,72
27277,1478,22
27277,1482,13
27277,1506,43
27277,1507,21
27277,1539,7
27277,1553,54
27277,1584,5
27277,1695,18
27277,1716,48
27277,1717,9
27277,1956,22
27278,0003,41
27278,0029,24
27278,0031,17
27278,0036,12
27278,0056,21
27278,0289,9
27278,0599,23
27278,1066,5
27278,1068,22
27278,1132,12
27278,1230,21
27278,1291,11
27278,1401,11
27278,1425,30
27278,1426,39
27278,1428,41
27278,1438,19
27278,1439,22
27278,1469,35
27278,1478,22
27278,1482,1
27278,1506,38
27278,1507,27
27278,1539,6
27278,1553,18
27278,1584,34
27278,1695,2
27278,1716,71
27278,1717,29
27278,1956,25
27279,0003,222
27279,0029,147
27279,0031,190
27279,0036,153
27279,0056,235
27279,0289,116
27279,0599,142
27279,1066,60
27279,1068,153
27279,1132,154
27279,1230,249
27279,1291,113
27279,1401,125
27279,1425,168
27279,1426,253
27279,1428,323
27279,1438,225
27279,1439,188
27279,1469,136
27279,1478,147
27279,1482,51
27279,1506,307
27279,1507,237
27279,1539,50
27279,1553,189
27279,1584,144
27279,1695,49
27279,1716,362
27279,1717,177
27279,1956,102
27281,0003,83
27281,0029,46
27281,0031,85
27281,0036,42
27281,0056,13
27281,0065,23
27281,0066,41
27281,0289,34
27281,0599,47
27281,1066,28
27281,1068,83
27281,1132,26
27281,1230,57
27281,1291,33
27281,1344,59
27281,1389,349
27281,1401,27
27281,1425,72
27281,1426,160
27281,1428,26
27281,1438,85
27281,1439,58
27281,1450,80
27281,1469,137
27281,1478,46
27281,1482,34
27281,1506,89
27281,1507,91
27281,1539,39
27281,1553,52
27281,1584,51
27281,1682,370
27281,1695,37
27281,1716,146
27281,1717,84
27281,1735,210
27281,1736,273
27281,1775,157
27281,1956,73
27536,0003,90
27536,0029,56
27536,0031,116
27536,0036,41
27536,0056,85
27536,0065,61
27536,0066,54
27536,0289,67
27536,0599,66
27536,1066,32
27536,1068,69
27536,1132,80
27536,1230,81
27536,1291,34
27536,1344,70
27536,1389,412
27536,1401,8
27536,1425,121
27536,1426,142
27536,1428,61
27536,1438,87
27536,1439,67
27536,1450,133
27536,1469,203
27536,1478,32
27536,1482,35
27536,1506,189
27536,1507,105
27536,1539,26
27536,1553,95
27536,1584,24
27536,1682,498
27536,1695,77
27536,1716,127
27536,1717,134
27536,1735,176
27536,1736,253
27536,1775,123
27536,1956,62
27928,0003,35
27928,0031,16
27928,0066,4
27928,1132,19
27928,1230,74
27928,1344,11
27928,1389,150
27928,1425,80
27928,1426,141
27928,1438,53
27928,1469,83
27928,1478,25
27928,1482,8
27928,1539,11
27928,1695,9
27928,1716,90
27928,1717,57
27928,1735,38
27928,1736,79
27928,1775,4
27928,1956,60
27936,1438,1
27982,0003,88
27982,0029,88
27982,0031,129
27982,0036,80
27982,0056,164
27982,0065,44
27982,0066,20
27982,0289,32
27982,0599,86
27982,1066,28
27982,1068,48
27982,1132,45
27982,1230,85
27982,1291,64
27982,1344,48
27982,1389,36
27982,1401,42
27982,1425,58
27982,1426,100
27982,1428,167
27982,1438,173
27982,1439,164
27982,1450,45
27982,1469,84
27982,1478,62
27982,1506,86
27982,1507,84
27982,1539,27
27982,1553,120
27982,1584,55
27982,1682,19
27982,1695,26
27982,1716,107
27982,1717,20
27982,1735,40
27982,1736,25
27982,1775,29
27982,1956,40
28080,0065,49
28080,0066,50
28080,1344,44
28080,1389,693
28080,1450,312
28080,1682,552
28080,1735,93
28080,1736,268
28080,1775,64
28104,0003,174
28104,0029,113
28104,0031,258
28104,0036,124
28104,0056,142
28104,0289,114
28104,0599,77
28104,1066,61
28104,1068,199
28104,1132,100
28104,1230,228
28104,1291,46
28104,1401,57
28104,1425,351
28104,1426,509
28104,1428,77
28104,1438,189
28104,1439,167
28104,1469,366
28104,1478,119
28104,1482,52
28104,1506,462
28104,1507,428
28104,1539,52
28104,1553,257
28104,1584,246
28104,1695,39
28104,1716,794
28104,1717,282
28104,1956,193
28109,0003,57
28109,0029,48
28109,0031,152
28109,0056,55
28109,0065,10
28109,0066,15
28109,0289,63
28109,0599,59
28109,1066,27
28109,1068,59
28109,1132,28
28109,1230,153
28109,1291,13
28109,1344,13
28109,1389,78
28109,1401,18
28109,1425,80
28109,1426,152
28109,1428,28
28109,1438,70
28109,1439,102
28109,1450,23
28109,1469,106
28109,1478,29
28109,1482,19
28109,1506,90
28109,1507,63
28109,1539,24
28109,1553,59
28109,1584,33
28109,1695,26
28109,1716,84
28109,1717,64
28109,1735,34
28109,1736,56
28109,1775,22
28109,1956,80
28127,0003,51
28127,0029,72
28127,0031,145
28127,0056,75
28127,0065,30
28127,0066,16
28127,0289,91
28127,0599,82
28127,1066,35
28127,1068,49
28127,1132,49
28127,1230,112
28127,1291,12
28127,1344,24
28127,1389,89
28127,1401,20
28127,1425,73
28127,1426,134
28127,1428,60
28127,1438,54
28127,1439,71
28127,1450,40
28127,1469,65
28127,1478,51
28127,1482,20
28127,1506,105
28127,1507,49
28127,1539,21
28127,1553,81
28127,1584,79
28127,1682,78
28127,1695,41
28127,1716,98
28127,1717,53
28127,1735,39
28127,1736,53
28127,1775,31
28127,1956,59
28513,0003,5
28513,0029,21
28513,0031,37
28513,0036,6
28513,0056,18
28513,0066,11
28513,0289,29
28513,1066,11
28513,1068,15
28513,1132,7
28513,1230,20
28513,1344,19
28513,1401,8
28513,1425,21
28513,1426,7
28513,1428,7
28513,1450,9
28513,1469,21
28513,1478,20
28513,1482,4
28513,1506,7
28513,1507,8
28513,1553,12
28513,1584,7
28513,1682,9
28513,1716,4
28513,1717,8
28513,1736,23
28513,1775,8
28513,1956,18
29178,0003,53
29178,0029,26
29178,0031,49
29178,0056,41
29178,0065,12
29178,0066,6
29178,0289,35
29178,0599,35
29178,1066,8
29178,1068,36
29178,1132,45
29178,1230,42
29178,1291,10
29178,1344,18
29178,1389,14
29178,1401,20
29178,1425,34
29178,1426,70
29178,1428,51
29178,1438,30
29178,1439,22
29178,1450,15
29178,1469,22
29178,1478,20
29178,1482,9
29178,1506,75
29178,1507,29
29178,1539,6
29178,1553,46
29178,1584,29
29178,1682,22
29178,1695,9
29178,1716,84
29178,1717,40
29178,1735,15
29178,1736,30
29178,1775,7
29178,1956,19
29179,0003,35
29179,0029,17
29179,0031,41
29179,0056,20
29179,0065,16
29179,0066,9
29179,0289,22
29179,0599,31
29179,1066,11
29179,1068,25
29179,1132,27
29179,1230,27
29179,1291,14
29179,1344,38
29179,1389,40
29179,1401,15
29179,1425,36
29179,1426,79
29179,1428,39
29179,1438,31
29179,1439,22
29179,1450,40
29179,1469,32
29179,1478,19
29179,1482,10
29179,1506,61
29179,1507,41
29179,1539,5
29179,1553,19
29179,1584,34
29179,1682,40
29179,1695,10
29179,1716,115
29179,1717,42
29179,1735,14
29179,1736,22
29179,1775,13
29179,1956,21
29212,0003,16
29212,0029,24
29212,0031,16
29212,0036,4
29212,0056,18
29212,0065,3
29212,0066,6
29212,0289,34
29212,0599,15
29212,1066,7
29212,1068,32
29212,1132,25
29212,1230,55
29212,1291,4
29212,1344,22
29212,1389,56
29212,1401,13
29212,1425,31
29212,1426,55
29212,1428,21
29212,1438,19
29212,1439,27
29212,1450,22
29212,1469,36
29212,1478,15
29212,1482,3
29212,1506,68
29212,1507,56
29212,1539,7
29212,1553,15
29212,1584,28
29212,1682,35
29212,1695,16
29212,1716,31
29212,1717,22
29212,1735,13
29212,1736,14
29212,1775,21
29212,1956,13
29284,0003,36
29284,0029,3
29284,0031,48
29284,0036,16
29284,0056,19
29284,0065,14
29284,0066,6
29284,0289,14
29284,0599,8
29284,1066,8
29284,1068,8
29284,1132,23
29284,1230,34
29284,1291,7
29284,1344,34
29284,1389,59
29284,1401,12
29284,1425,11
29284,1426,30
29284,1428,11
29284,1438,19
29284,1439,19
29284,1450,24
29284,1469,28
29284,1478,2
29284,1482,21
29284,1506,21
29284,1507,31
29284,1539,37
29284,1553,11
29284,1584,12
29284,1682,56
29284,1695,9
29284,1716,102
29284,1717,25
29284,1735,4
29284,1736,35
29284,1775,3
29284,1956,16
29285,0003,44
29285,0029,7
29285,0031,18
29285,0036,22
29285,0056,12
29285,0065,4
29285,0066,20
29285,0289,9
29285,0599,8
29285,1066,10
29285,1068,36
29285,1132,57
29285,1230,45
29285,1291,3
29285,1344,27
29285,1389,73
29285,1401,22
29285,1425,18
29285,1426,28
29285,1428,22
29285,1438,30
29285,1439,23
29285,1450,33
29285,1469,24
29285,1478,17
29285,1482,21
29285,1506,34
29285,1507,17
29285,1539,36
29285,1553,26
29285,1584,5
29285,1682,78
29285,1695,15
29285,1716,26
29285,1717,15
29285,1735,12
29285,1736,38
29285,1956,25
29286,0003,12
29286,0056,4
29286,0066,19
29286,0289,5
29286,0599,5
29286,1066,12
29286,1132,30
29286,1230,18
29286,1344,16
29286,1389,52
29286,1401,3
29286,1425,11
29286,1426,6
29286,1428,12
29286,1438,29
29286,1439,10
29286,1450,15
29286,1469,16
29286,1478,21
29286,1482,2
29286,1506,7
29286,1507,10
29286,1539,26
29286,1553,6
29286,1682,92
29286,1695,1
29286,1716,7
29286,1717,10
29286,1735,11
29286,1736,3
29286,1956,1
29316,0029,12
29316,0031,18
29316,0056,8
29316,1068,3
29316,1132,18
29316,1230,35
29316,1344,9
29316,1389,10
29316,1401,1
29316,1425,32
29316,1426,23
29316,1428,2
29316,1438,9
29316,1439,5
29316,1450,20
29316,1469,21
29316,1478,19
29316,1482,9
29316,1506,31
29316,1507,46
29316,1553,12
29316,1584,3
29316,1682,56
29316,1695,7
29316,1716,32
29316,1717,27
29316,1735,8
29316,1736,17
29316,1775,30
29316,1956,31
29317,0029,14
29317,0031,12
29317,0056,11
29317,1066,7
29317,1068,10
29317,1132,8
29317,1230,39
29317,1344,13
29317,1389,64
29317,1401,9
29317,1425,23
29317,1426,46
29317,1428,15
29317,1438,9
29317,1439,12
29317,1450,8
29317,1469,45
29317,1478,17
29317,1482,9
29317,1506,38
29317,1507,38
29317,1553,21
29317,1584,12
29317,1682,41
29317,1695,10
29317,1716,23
29317,1717,39
29317,1735,18
29317,1736,24
29317,1775,40
29317,1956,15
29318,0029,10
29318,0031,10
29318,0056,10
29318,1066,4
29318,1068,8
29318,1132,10
29318,1230,24
29318,1344,9
29318,1389,43
29318,1401,6
29318,1425,25
29318,1426,15
29318,1428,6
29318,1438,13
29318,1439,16
29318,1450,10
29318,1469,49
29318,1478,9
29318,1482,6
29318,1506,48
29318,1507,19
29318,1553,7
29318,1584,4
29318,1682,67
29318,1695,12
29318,1716,27
29318,1717,7
29318,1735,8
29318,1736,19
29318,1775,34
29318,1956,16
29319,0029,10
29319,0031,25
29319,0056,21
29319,1066,4
29319,1068,13
29319,1132,19
29319,1230,22
29319,1344,13
29319,1389,75
29319,1401,6
29319,1425,34
29319,1426,57
29319,1428,12
29319,1438,11
29319,1439,13
29319,1450,5
29319,1469,65
29319,1478,17
29319,1482,15
29319,1506,10
29319,1507,64
29319,1553,38
29319,1584,9
29319,1682,83
29319,1695,5
29319,1716,10
29319,1717,29
29319,1735,28
29319,1736,34
29319,1775,33
29319,1956,30
29320,0066,20
29320,1389,1
29320,1450,13
29320,1736,11
29320,1775,11
29332,0065,2
29332,0066,13
29332,1735,2
29332,1736,4
29332,1775,13
29357,0029,2
29357,0031,14
29357,0036,4
29357,0056,2
29357,0065,5
29357,0066,3
29357,0289,8
29357,0599,6
29357,1066,6
29357,1068,9
29357,1132,6
29357,1230,5
29357,1291,1
29357,1344,8
29357,1389,13
29357,1401,2
29357,1425,12
29357,1426,17
29357,1428,7
29357,1438,8
29357,1439,11
29357,1469,19
29357,1478,13
29357,1482,2
29357,1506,14
29357,1507,10
29357,1553,2
29357,1584,18
29357,1695,5
29357,1716,19
29357,1717,13
29357,1735,16
29357,1736,11
29357,1775,12
29357,1956,6
29369,0003,29
29369,0029,28
29369,0036,10
29369,0056,15
29369,0289,2
29369,0599,2
29369,1066,20
29369,1068,8
29369,1132,3
29369,1401,8
29369,1426,36
29369,1428,7
29369,1478,22
29369,1507,1
29369,1584,9
29369,1695,13
29369,1717,30
29389,1584,4
29390,0003,65
29390,0029,45
29390,0031,86
29390,0036,20
29390,0056,30
29390,0065,9
29390,0066,26
29390,0289,46
29390,0599,14
29390,1066,16
29390,1068,35
29390,1132,19
29390,1230,62
29390,1291,10
29390,1344,17
29390,1389,105
29390,1401,18
29390,1425,62
29390,1426,98
29390,1428,23
29390,1438,39
29390,1439,51
29390,1450,43
29390,1469,83
29390,1478,41
29390,1482,17
29390,1506,134
29390,1507,91
29390,1539,32
29390,1553,38
29390,1584,27
29390,1682,80
29390,1695,31
29390,1716,102
29390,1717,52
29390,1735,24
29390,1736,51
29390,1775,10
29390,1956,50
29471,0029,10
29471,0031,1
29471,0056,16
29471,1068,13
29471,1344,9
29471,1401,6
29471,1425,8
29471,1428,7
29471,1438,8
29471,1439,3
29471,1450,6
29471,1469,10
29471,1682,1
29471,1716,2
29471,1775,1
29471,1956,2
29477,1584,2
29498,0003,27
29498,0029,15
29498,0031,44
29498,0036,12
29498,0056,23
29498,0065,9
29498,0066,12
29498,0289,41
29498,0599,16
29498,1066,17
29498,1068,28
29498,1132,30
29498,1230,70
29498,1291,12
29498,1344,14
29498,1389,70
29498,1401,11
29498,1425,51
29498,1426,72
29498,1428,13
29498,1438,45
29498,1439,21
29498,1450,10
29498,1469,46
29498,1478,20
29498,1482,3
29498,1506,68
29498,1507,93
29498,1539,12
29498,1553,32
29498,1584,29
29498,1682,57
29498,1695,57
29498,1716,68
29498,1717,21
29498,1735,16
29498,1736,28
29498,1775,25
29498,1956,29
29499,0065,4
29499,0066,10
29499,1068,10
29499,1230,18
29499,1482,11
29499,1682,38
29499,1695,2
29499,1716,45
29499,1717,1
29499,1956,2
29618,0003,98
29618,0029,47
29618,0031,62
29618,0036,27
29618,0056,31
29618,0065,18
29618,0066,1
29618,0289,89
29618,0599,33
29618,1066,20
29618,1068,102
29618,1132,60
29618,1230,51
29618,1291,16
29618,1344,23
29618,1389,100
29618,1401,34
29618,1425,206
29618,1426,222
29618,1428,19
29618,1438,81
29618,1439,43
29618,1450,12
29618,1469,97
29618,1478,41
29618,1482,14
29618,1506,44
29618,1507,181
29618,1539,13
29618,1553,39
29618,1584,49
29618,1682,106
29618,1695,53
29618,1716,178
29618,1717,67
29618,1735,61
29618,1736,126
29618,1775,25
29618,1956,91
29620,0003,67
29620,0029,21
29620,0031,70
29620,0036,69
29620,0056,45
29620,0065,9
29620,0066,8
29620,0289,80
29620,0599,29
29620,1066,37
29620,1068,57
29620,1132,44
29620,1230,57
29620,1291,26
29620,1344,16
29620,1389,53
29620,1401,17
29620,1425,121
29620,1426,109
29620,1428,39
29620,1438,47
29620,1439,56
29620,1450,26
29620,1469,96
29620,1478,36
29620,1482,14
29620,1506,108
29620,1507,164
29620,1539,6
29620,1553,64
29620,1584,51
29620,1682,46
29620,1695,30
29620,1716,74
29620,1717,67
29620,1735,38
29620,1736,34
29620,1775,16
29620,1956,72
29621,0003,6
29621,0029,15
29621,0031,6
29621,0056,10
29621,0065,3
29621,0066,10
29621,0289,10
29621,0599,12
29621,1066,10
29621,1068,35
29621,1132,14
29621,1230,2
29621,1291,1
29621,1344,19
29621,1401,4
29621,1425,15
29621,1426,16
29621,1438,17
29621,1439,18
29621,1469,15
29621,1478,15
29621,1482,8
29621,1506,23
29621,1507,23
29621,1539,2
29621,1553,19
29621,1584,11
29621,1716,6
29621,1717,24
29621,1735,5
29621,1736,19
29621,1775,25
29621,1956,13
29622,0003,6
29622,0029,2
29622,0031,2
29622,0056,1
29622,0065,2
29622,0066,2
29622,0289,4
29622,0599,2
29622,1066,1
29622,1068,9
29622,1132,8
29622,1344,2
29622,1389,10
29622,1401,2
29622,1425,10
29622,1426,20
29622,1428,9
29622,1438,6
29622,1439,3
29622,1450,3
29622,1469,26
29622,1478,4
29622,1482,1
29622,1506,10
29622,1507,10
29622,1539,3
29622,1553,4
29622,1584,4
29622,1682,6
29622,1716,15
29622,1717,4
29622,1735,3
29622,1736,4
29622,1775,1
29711,0003,1171
29711,0029,760
29711,0031,887
29711,0036,397
29711,0056,556
29711,0289,1181
29711,0599,509
29711,1066,454
29711,1068,1240
29711,1132,781
29711,1230,1378
29711,1291,430
29711,1401,485
29711,1425,1614
29711,1426,3925
29711,1428,583
29711,1438,687
29711,1439,1013
29711,1469,1571
29711,1478,650
29711,1482,379
29711,1506,3352
29711,1507,2376
29711,1539,501
29711,1553,710
29711,1584,924
29711,1695,609
29711,1716,3007
29711,1717,1644
29711,1956,1102
29712,0003,686
29712,0029,420
29712,0031,772
29712,0036,331
29712,0056,594
29712,0289,655
29712,0599,443
29712,1066,295
29712,1068,599
29712,1132,307
29712,1230,1044
29712,1291,360
29712,1401,202
29712,1425,1181
29712,1426,3038
29712,1428,531
29712,1438,750
29712,1439,889
29712,1469,1492
29712,1478,324
29712,1482,322
29712,1506,2280
29712,1507,1787
29712,1539,391
29712,1553,643
29712,1584,521
29712,1695,356
29712,1716,1468
29712,1717,896
29712,1956,690
29713,0003,137
29713,0029,178
29713,0031,356
29713,0036,115
29713,0056,241
29713,0289,158
29713,0599,46
29713,1066,89
29713,1068,154
29713,1132,96
29713,1230,336
29713,1291,184
29713,1401,24
29713,1425,236
29713,1426,499
29713,1428,191
29713,1438,283
29713,1439,316
29713,1469,421
29713,1478,96
29713,1482,50
29713,1506,456
29713,1507,449
29713,1539,57
29713,1553,256
29713,1584,132
29713,1695,60
29713,1716,401
29713,1717,265
29713,1956,127
29714,0003,299
29714,0029,112
29714,0031,156
29714,0036,70
29714,0056,104
29714,0289,204
29714,0599,80
29714,1066,37
29714,1068,185
29714,1132,97
29714,1230,229
29714,1291,74
29714,1401,66
29714,1425,305
29714,1426,604
29714,1428,97
29714,1438,109
29714,1439,224
29714,1469,229
29714,1478,116
29714,1482,100
29714,1506,548
29714,1507,376
29714,1539,83
29714,1553,116
29714,1584,183
29714,1695,45
29714,1716,576
29714,1717,193
29714,1956,213
29715,0003,129
29715,0029,108
29715,0031,173
29715,0036,84
29715,0056,172
29715,0289,129
29715,0599,57
29715,1066,59
29715,1068,157
29715,1132,64
29715,1230,174
29715,1291,58
29715,1401,37
29715,1425,218
29715,1426,485
29715,1428,130
29715,1438,137
29715,1439,168
29715,1469,268
29715,1478,28
29715,1482,48
29715,1506,332
29715,1507,269
29715,1539,54
29715,1553,157
29715,1584,113
29715,1695,34
29715,1716,357
29715,1717,175
29715,1956,131
29716,0003,75
29716,0029,57
29716,0031,105
29716,0036,36
29716,0056,45
29716,0289,146
29716,0599,48
29716,1066,29
29716,1068,87
29716,1132,77
29716,1230,169
29716,1291,30
29716,1401,55
29716,1425,134
29716,1426,401
29716,1428,49
29716,1438,51
29716,1439,101
29716,1469,198
29716,1478,56
29716,1482,22
29716,1506,250
29716,1507,202
29716,1539,43
29716,1553,74
29716,1584,133
29716,1695,33
29716,1716,324
29716,1717,186
29716,1956,130
29717,0003,20
29717,0029,33
29717,0031,34
29717,0036,23
29717,0056,9
29717,0289,32
29717,0599,12
29717,1066,11
29717,1068,25
29717,1132,32
29717,1230,58
29717,1291,11
29717,1401,13
29717,1425,52
29717,1426,101
29717,1428,14
29717,1438,20
29717,1439,29
29717,1469,73
29717,1478,11
29717,1482,7
29717,1506,66
29717,1507,45
29717,1539,9
29717,1553,21
29717,1584,34
29717,1695,16
29717,1716,94
29717,1717,37
29717,1956,44
29794,0003,4
29794,0029,7
29794,0031,9
29794,0056,11
29794,0065,2
29794,0066,14
29794,0289,9
29794,0599,29
29794,1066,6
29794,1068,3
29794,1132,3
29794,1230,10
29794,1291,11
29794,1344,3
29794,1389,5
29794,1401,10
29794,1425,8
29794,1426,18
29794,1428,1
29794,1438,3
29794,1439,1
29794,1450,2
29794,1469,13
29794,1478,3
29794,1506,6
29794,1507,9
29794,1553,13
29794,1584,2
29794,1682,1
29794,1716,14
29794,1717,10
29794,1735,10
29794,1736,10
29794,1775,4
29794,1956,8
29861,0003,8
29861,0029,13
29861,0031,10
29861,0036,9
29861,0056,15
29861,0289,15
29861,0599,1
29861,1066,2
29861,1132,10
29861,1230,16
29861,1291,15
29861,1401,1
29861,1425,22
29861,1426,54
29861,1428,18
29861,1438,8
29861,1439,25
29861,1469,21
29861,1482,1
29861,1506,52
29861,1507,53
29861,1539,6
29861,1553,30
29861,1584,10
29861,1695,4
29861,1716,93
29861,1717,5
29862,0003,57
29862,0029,46
29862,0031,46
29862,0036,42
29862,0056,12
29862,0289,76
29862,0599,11
29862,1066,9
29862,1068,60
29862,1132,16
29862,1230,57
29862,1291,15
29862,1401,12
29862,1425,85
29862,1426,154
29862,1428,39
29862,1438,19
29862,1439,53
29862,1469,99
29862,1482,2
29862,1506,124
29862,1507,146
29862,1539,42
29862,1553,45
29862,1584,41
29862,1695,29
29862,1716,181
29862,1717,17
29863,0003,39
29863,0029,27
29863,0031,46
29863,0036,25
29863,0056,13
29863,0289,38
29863,0599,13
29863,1066,3
29863,1068,30
29863,1132,26
29863,1230,25
29863,1291,10
29863,1401,13
29863,1425,75
29863,1426,155
29863,1428,21
29863,1438,23
29863,1439,49
29863,1469,86
29863,1478,23
29863,1482,5
29863,1506,103
29863,1507,122
29863,1539,21
29863,1553,45
29863,1584,33
29863,1695,17
29863,1716,119
29863,1717,28
29864,0003,6
29864,0029,5
29864,0031,6
29864,0036,4
29864,0289,5
29864,0599,6
29864,1066,5
29864,1068,15
29864,1132,6
29864,1291,4
29864,1401,5
29864,1426,9
29864,1428,3
29864,1438,6
29864,1469,6
29864,1478,16
29864,1482,4
29864,1506,6
29864,1507,6
29864,1539,6
29864,1553,5
29864,1584,8
29864,1695,19
29864,1716,6
29864,1717,13
99698,0003,35
99698,0029,20
99698,0031,45
99698,0036,28
99698,0056,42
99698,0065,5
99698,0066,4
99698,0289,50
99698,0599,24
99698,1066,21
99698,1068,86
99698,1132,31
99698,1230,23
99698,1291,5
99698,1344,14
99698,1389,15
99698,1401,27
99698,1425,46
99698,1426,70
99698,1428,14
99698,1438,23
99698,1439,31
99698,1450,11
99698,1469,28
99698,1478,27
99698,1482,25
99698,1506,37
99698,1507,54
99698,1539,17
99698,1553,22
99698,1584,32
99698,1695,19
99698,1716,58
99698,1717,44
99698,1735,14
99698,1736,23
99698,1775,27
99698,1956,53
99699,0003,10
99699,0031,16
99699,0036,4
99699,0056,7
99699,0065,1
99699,0066,1
99699,0289,2
99699,0599,3
99699,1066,5
99699,1068,19
99699,1132,9
99699,1230,4
99699,1291,4
99699,1344,7
99699,1425,3
99699,1426,6
99699,1428,7
99699,1438,10
99699,1439,9
99699,1450,1
99699,1478,9
99699,1482,7
99699,1506,13
99699,1507,6
99699,1539,6
99699,1553,5
99699,1584,4
99699,1695,3
99699,1716,13
99699,1717,4
99699,1735,8
99699,1736,5
99699,1775,6
99699,1956,10
99700,0003,37
99700,0029,29
99700,0031,52
99700,0036,11
99700,0056,44
99700,0065,14
99700,0066,13
99700,0289,41
99700,0599,18
99700,1066,21
99700,1068,81
99700,1132,22
99700,1230,57
99700,1291,16
99700,1344,24
99700,1389,69
99700,1401,24
99700,1425,56
99700,1426,52
99700,1428,16
99700,1438,44
99700,1439,42
99700,1450,54
99700,1469,45
99700,1478,38
99700,1482,5
99700,1506,36
99700,1507,33
99700,1539,24
99700,1553,32
99700,1584,29
99700,1695,24
99700,1716,54
99700,1717,24
99700,1735,11
99700,1736,28
99700,1775,22
99700,1956,34
